"","V1","V2","V3","V4","V5","V6","V7","V8","V9","V10","V11","V12","V13","V14","V15","V16","V17","V18","V19","V20","V21"
"1","A","7","","","","","","","","","","","","","","","","","","",""
"2","R","-10","9","","","","","","","","","","","","","","","","","",""
"3","N","-7","-9","9","","","","","","","","","","","","","","","","",""
"4","D","-6","-17","-1","8","","","","","","","","","","","","","","","",""
"5","C","-10","-11","-17","-21","10","","","","","","","","","","","","","","",""
"6","Q","-7","-4","-7","-6","-20","9","","","","","","","","","","","","","",""
"7","E","-5","-15","-5","0","-20","-1","8","","","","","","","","","","","","",""
"8","G","-4","-13","-6","-6","-13","-10","-7","7","","","","","","","","","","","",""
"9","H","-11","-4","-2","-7","-10","-2","-9","-13","10","","","","","","","","","","",""
"10","I","-8","-8","-8","-11","-9","-11","-8","-17","-13","9","","","","","","","","","",""
"11","L","-9","-12","-10","-19","-21","-8","-13","-14","-9","-4","7","","","","","","","","",""
"12","K","-10","-2","-4","-8","-20","-6","-7","-10","-10","-9","-11","7","","","","","","","",""
"13","M","-8","-7","-15","-17","-20","-7","-10","-12","-17","-3","-2","-4","12","","","","","","",""
"14","F","-12","-12","-12","-21","-19","-19","-20","-12","-9","-5","-5","-20","-7","9","","","","","",""
"15","P","-4","-7","-9","-12","-11","-6","-9","-10","-7","-12","-10","-10","-11","-13","8","","","","",""
"16","S","-3","-6","-2","-7","-6","-8","-7","-4","-9","-10","-12","-7","-8","-9","-4","7","","","",""
"17","T","-3","-10","-5","-8","-11","-9","-9","-10","-11","-5","-10","-6","-7","-12","-7","-2","8","","",""
"18","W","-2","-5","-11","-21","-22","-19","-23","-21","-10","-20","-9","-18","-19","-7","-20","-8","-19","13","",""
"19","Y","-11","-14","-7","-17","-7","-18","-11","-20","-6","-9","-10","-12","-17","-1","-20","-10","-9","-8","10",""
"20","V","-5","-11","-12","-11","-9","-10","-10","-9","-9","-1","-5","-13","-4","-12","-9","-10","-6","-22","-10","8"
"21","","A","R","N","D","C","Q","E","G","H","I","L","K","M","F","P","S","T","W","Y","V"
